customer_id,first_name,last_name,tax_code,email,phone_number,address,city,postal_code,country,password_hash,two_factor_enabled,account_status,account_id,iban,account_type,account_balance,currency,card_id,card_number,card_expiry,card_status,last_login,opened_at
800000,Davide,Bianchi,IZJAXPCIKPCNKCQC,user0@mail.it,393337521626,Via San Bernardino 18,Bergamo,24100,Italy,"$argon2id$v=19$m=65536,t=3,p=4$898YZSibTs+BGJIgjDxBbA$J3Kexi5Bn8ih809F7E8lZuqVE2bqY/F+dhtwDkizbfI",False,active,900000,IT59R03002032800000000000,checking,5889.84,EUR,700000,4197999373035803,12/30,active,,2024-01-01T00:00:00
800001,Marco,Riva,BRVDVZIZOMOYVGYT,user1@mail.it,393326102991,Via Moroni 39,Albino,24100,Italy,"$argon2id$v=19$m=65536,t=3,p=4$GD557zt7Qgh//2U+yhsXPw$ikWfS9T4Ffp9vjf82eUDCHu+FrYuoYyogBK9FCz8z+w",False,active,900001,IT65R03002032800000000001,savings,2954.77,EUR,700001,4062769135552668,09/30,active,,2024-01-02T00:00:00
800002,Davide,Galli,ENETNZFHDTTSBALQ,user2@mail.it,393374599104,Via Roma 16,Albino,24100,Italy,"$argon2id$v=19$m=65536,t=3,p=4$CXEBvI+r0NPx52Q0H6xw9w$RvnwZRCSyUiVBRE58xgbtko8mL7cEBMM1aGPIBeDImo",True,active,900002,IT98R03002032800000000002,checking,5331.73,EUR,700002,4521989547058161,12/30,active,,2024-01-03T00:00:00
800003,Elena,Moretti,BVNHFRARCBLFARTH,user3@mail.it,393326049249,Via Broseta 44,Albino,24100,Italy,"$argon2id$v=19$m=65536,t=3,p=4$b5yfEijpYSN+ssESmOeTGQ$x+VcFxUakt+hm7w2xorpAPtJWej1KsCTTc3ZRcYqJhQ",True,active,900003,IT43R03002032800000000003,checking,6046.87,EUR,700003,4621984395865135,06/26,active,,2024-01-04T00:00:00
800004,Andrea,Ferrari,MLXLLRWCMYSRXVXB,user4@mail.it,393328756959,Via San Bernardino 23,Albino,24100,Italy,"$argon2id$v=19$m=65536,t=3,p=4$AT3CMd4QZdAo8e9LePWIew$tJbqbr8c84ib2fDMuaVgsgl/H2JU66qtHdBK5hr71eg",True,active,900004,IT44R03002032800000000004,savings,7193.24,EUR,700004,4521976119995724,11/26,active,,2024-01-05T00:00:00
800005,Matteo,Bianchi,OUVPHTSYOAVMZLGL,user5@mail.it,393341509462,Via Broseta 20,Albino,24100,Italy,"$argon2id$v=19$m=65536,t=3,p=4$5n17z39J3UHRNmUOlhJTiA$1USU8Qyluu6kuuknlGaYHSuCFSWuy+e0YJVufl+PdXo",False,active,900005,IT70R03002032800000000005,checking,5393.22,EUR,700005,4512842253787504,08/26,active,,2024-01-06T00:00:00
800006,Matteo,Conti,PKIIDLETYHFMXHGP,user6@mail.it,393353977928,Via Moroni 12,Dalmine,24100,Italy,"$argon2id$v=19$m=65536,t=3,p=4$dssD4k1drM2LiZUOMvgNKw$ALeK2V6zU8HgOofRhdMLx9kp6c4wpzKUxOmtEV+1M+Y",True,active,900006,IT82R03002032800000000006,checking,6195.61,EUR,700006,4814266299698651,07/28,active,,2024-01-07T00:00:00
800007,Andrea,Conti,IJOGXRDQAFGYBLWT,user7@mail.it,393389307505,Via XX Settembre 22,Albino,24100,Italy,"$argon2id$v=19$m=65536,t=3,p=4$hgi+RJ6osO8lmvRdisu2Cg$CPZvP+yEpj++Fkoo4wfbNltuBW+Nk4zi6lRsFBPowD4",True,active,900007,IT47R03002032800000000007,savings,3234.4,EUR,700007,4060847944063264,02/26,active,,2024-01-08T00:00:00
800008,Elena,Villa,WVYNAFKAULAMMDKQ,user8@mail.it,393370108563,Via Broseta 50,Bergamo,24100,Italy,"$argon2id$v=19$m=65536,t=3,p=4$toaq3L2jmAUB9udk+pnfYw$HORuQOz/cJFMfIbJzzmR9TDWieBdNia4WClbntdyWMk",False,active,900008,IT93R03002032800000000008,checking,2608.49,EUR,700008,4406902402457598,11/27,active,,2024-01-09T00:00:00
800009,Elena,Bianchi,MWDJMLOUMPQRQLTL,user9@mail.it,393311803991,Via Roma 36,Dalmine,24100,Italy,"$argon2id$v=19$m=65536,t=3,p=4$wjxIKxhE4Zhdbr1d9lnePg$IymxE02GOKekXEZ84W3FbKRmUy30Dt05IeUMQARKWUg",True,active,900009,IT20R03002032800000000009,savings,7306.52,EUR,700009,4636938220793964,09/29,active,,2024-01-10T00:00:00
800010,Chiara,Neri,VMVLKGGQUJKQZXGC,user10@mail.it,393325828247,Via Moroni 9,Dalmine,24100,Italy,"$argon2id$v=19$m=65536,t=3,p=4$ujHP28CBh+ujemD24L+x7g$7NCDrwMpFbxvWAzqyEGVCOmyGTY/cIJ4nvLfuTs5J8Y",False,active,900010,IT18R03002032800000000010,savings,415.98,EUR,700010,4706492108343898,07/30,active,,2024-01-11T00:00:00
800011,Paolo,Conti,YJJSLCHKYLUVVSFJ,user11@mail.it,393368532156,Via Roma 1,Dalmine,24100,Italy,"$argon2id$v=19$m=65536,t=3,p=4$q0xYsbMHNF8wuPy4UM3B+A$ihx4X8z35TwxpWCa7hYES5r+3XilocrelXndgLIO67c",False,active,900011,IT10R03002032800000000011,checking,7810.04,EUR,700011,4562775145796261,01/26,active,,2024-01-12T00:00:00
800012,Elena,Neri,TMQIRLVXVNCODDGV,user12@mail.it,393346964897,Via San Bernardino 44,Seriate,24100,Italy,"$argon2id$v=19$m=65536,t=3,p=4$IjXI/qi8/XEJnik6qWHpSw$XIsBR9Bo7LMrdyv/7veF61GpFDXesd163Xqq1GyF5Jw",True,active,900012,IT22R03002032800000000012,savings,1725.24,EUR,700012,4221332478094557,12/30,active,,2024-01-13T00:00:00
800013,Davide,Neri,RIDBHOPQIRNTLGNN,user13@mail.it,393339647242,Via Broseta 5,Dalmine,24100,Italy,"$argon2id$v=19$m=65536,t=3,p=4$WUcQ/sprMyK4Wvw2O3rm5Q$VuNkudD78zEOC18RYFlO0gJUpW3Y9KbYLVqo76x0t8w",True,active,900013,IT11R03002032800000000013,savings,7955.92,EUR,700013,4667512645157577,04/27,active,,2024-01-14T00:00:00
800014,Giulia,Riva,LYRBCSFDOMXDZJZI,user14@mail.it,393336823983,Via Moroni 5,Albino,24100,Italy,"$argon2id$v=19$m=65536,t=3,p=4$1Itaf9E2Ee8Jx7yEYSf8Fg$+31WdbI5a4jVB/3zO/HRl4JwmmMRPmiJnwguWrvytws",False,active,900014,IT30R03002032800000000014,checking,3323.28,EUR,700014,4379433459832503,06/30,active,,2024-01-15T00:00:00
800015,Davide,Ferrari,VHRTXGPAYWZGKMSO,user15@mail.it,393311245260,Via San Bernardino 13,Seriate,24100,Italy,"$argon2id$v=19$m=65536,t=3,p=4$Ld9o6j+Aoc4/pv2Yhc19Og$Ze9ExxoeRMFpc+A5/XXA9jAZIOp6HzMyU1cFQqsMKcY",True,active,900015,IT63R03002032800000000015,savings,311.81,EUR,700015,4944204494116980,10/26,active,,2024-01-16T00:00:00
800016,Sara,Neri,ETVPUQEWAIIDGMMQ,user16@mail.it,393354075996,Via Broseta 8,Seriate,24100,Italy,"$argon2id$v=19$m=65536,t=3,p=4$bYLG9+RVa1O4+kPJAv4Etw$m0iW/AXny6PeBkJkgIrS1zPhdCHcufrpzA41/ddqOyQ",False,active,900016,IT42R03002032800000000016,savings,2746.03,EUR,700016,4510021431742685,02/27,active,,2024-01-17T00:00:00
800017,Andrea,Riva,GPCAGRHQFZFCOXYF,user17@mail.it,393381146949,Via XX Settembre 39,Seriate,24100,Italy,"$argon2id$v=19$m=65536,t=3,p=4$AfCZz0sYNBnQICJAHetQHQ$a83XHr8p/xW4DYgRMNU0MN4THyu9XFpnniV7el6oDNg",False,active,900017,IT11R03002032800000000017,savings,8548.38,EUR,700017,4485726657783980,02/26,active,,2024-01-18T00:00:00
800018,Davide,Moretti,AXEMUADRFJWYIVFT,user18@mail.it,393367769315,Via Roma 8,Albino,24100,Italy,"$argon2id$v=19$m=65536,t=3,p=4$INJLT7fBsRSNJjgNqeEqgQ$3kJe6aNbvoQ7aHuukpFKMFKVGelEjk8PAkfP+j9SYeA",True,active,900018,IT79R03002032800000000018,checking,7182.31,EUR,700018,4636974329618225,11/30,active,,2024-01-19T00:00:00
800019,Elena,Neri,FFDMRPVKRPKWMEPA,user19@mail.it,393355846788,Via Broseta 45,Bergamo,24100,Italy,"$argon2id$v=19$m=65536,t=3,p=4$dzh4b0FrDNwxgB+N1QflZw$XkFUqyKtaM3/AJ9PKhAOjBpU5jGCj4wECQbEW3BN6IE",False,active,900019,IT77R03002032800000000019,checking,7197.16,EUR,700019,4351201488545325,01/29,active,,2024-01-20T00:00:00
800020,Matteo,Riva,OXBGJIJJPTXAKMDW,user20@mail.it,393382148601,Via San Bernardino 19,Treviglio,24100,Italy,"$argon2id$v=19$m=65536,t=3,p=4$UBefZXj/4Ee5iYYly+o4bA$Usd7qimTOYNrDJHfib6D32rPPSPj9bu8cfik/wiwPes",False,active,900020,IT98R03002032800000000020,savings,1062.04,EUR,700020,4351024917765886,10/26,active,,2024-01-21T00:00:00
800021,Sara,Moretti,YJFKLZIEUJPRLVNK,user21@mail.it,393340910517,Via Garibaldi 44,Bergamo,24100,Italy,"$argon2id$v=19$m=65536,t=3,p=4$dnyFouqBSQwc6dgMPOfa3w$6ZDwOlZVVwDVcVzh+LihefB7fzeuD0BKAPItBlwE7j4",True,active,900021,IT41R03002032800000000021,savings,161.41,EUR,700021,4800237066517377,05/26,active,,2024-01-22T00:00:00
800022,Elena,Moretti,NADWGZAYFYYHAKNP,user22@mail.it,393328229915,Via Moroni 43,Albino,24100,Italy,"$argon2id$v=19$m=65536,t=3,p=4$yt3ZVzRvUZLvfwnmK/kPXg$nzG5VNDqfuXysGCLtRl6FPqmLJ1d6+zm4KLKZnUEa0M",True,active,900022,IT73R03002032800000000022,savings,2922.12,EUR,700022,4828005159161554,08/29,active,,2024-01-23T00:00:00
800023,Andrea,Neri,TTEHCNQVUPKKFOXS,user23@mail.it,393347673230,Via Roma 34,Seriate,24100,Italy,"$argon2id$v=19$m=65536,t=3,p=4$HRVlU39aNy/ra1D2mw/7Cw$8KhOazUhpRjjDgbWXGufUGsfMGTIWn1W8gGAn7AG+8U",False,active,900023,IT68R03002032800000000023,checking,3700.53,EUR,700023,4582659191631637,10/26,active,,2024-01-24T00:00:00
800024,Andrea,Colombo,JDRWPVLFKUCPMYJX,user24@mail.it,393314017945,Via San Bernardino 29,Treviglio,24100,Italy,"$argon2id$v=19$m=65536,t=3,p=4$jN/gGrOxgVdFTY3TM8FIhQ$8dsXAcGECZ7B5HudgvjaMW1LvsU6KkWRmotIklTlyjA",False,active,900024,IT78R03002032800000000024,checking,6952.34,EUR,700024,4811429387377748,09/27,active,,2024-01-25T00:00:00
800025,Luca,Bianchi,TOVTNSGOYOQWCUFM,user25@mail.it,393335559534,Via Moroni 40,Seriate,24100,Italy,"$argon2id$v=19$m=65536,t=3,p=4$wj7y3OkbAcW+BMyAGNJZRA$iBFaTC300zkZPyQiOTPfbjoo/OPFWKVi5WLqynp0xIs",False,active,900025,IT41R03002032800000000025,checking,235.58,EUR,700025,4920419894736777,10/28,active,,2024-01-26T00:00:00
800026,Sara,Riva,CRQLHNGXFWPARNGO,user26@mail.it,393394291503,Via San Bernardino 18,Albino,24100,Italy,"$argon2id$v=19$m=65536,t=3,p=4$aJHTgMlPHKliTLyTqAV3WA$lypU9ieunG2hgpMtP4MExSj08kmoULnkyYuIthVrI04",True,active,900026,IT30R03002032800000000026,savings,8351.37,EUR,700026,4486716174298638,02/29,active,,2024-01-27T00:00:00
800027,Sara,Ferrari,VFOKXXJFVOPKNLSI,user27@mail.it,393395760899,Via Garibaldi 26,Treviglio,24100,Italy,"$argon2id$v=19$m=65536,t=3,p=4$xhHGKYSxP1Vnq9SP+2II7Q$N1hFY0ePDptYIi3DJCCHxps4Sg7xh7zW3FEM6aO1NJw",False,active,900027,IT42R03002032800000000027,checking,6737.56,EUR,700027,4039601883763556,01/29,active,,2024-01-28T00:00:00
800028,Davide,Neri,MDXUJVQNJRNKDVVK,user28@mail.it,393364878002,Via XX Settembre 46,Dalmine,24100,Italy,"$argon2id$v=19$m=65536,t=3,p=4$K2F0k5oYf9pjbehHtkMWWQ$YC3yrB7me2uJJ3o+CXyQwa65aRE2AolmJLTHGDDYySM",True,active,900028,IT26R03002032800000000028,checking,9302.79,EUR,700028,4910163266517426,10/29,active,,2024-01-29T00:00:00
800029,Chiara,Rossi,VXBQZQEPMUQTOYWG,user29@mail.it,393380295907,Via Garibaldi 3,Dalmine,24100,Italy,"$argon2id$v=19$m=65536,t=3,p=4$eWDUqalZULhVr7vCrLTwrw$vlcZeKpQ7QsGhM2CJ6BIy4X0bGr3J73nJ5PGWiB9CUo",False,active,900029,IT12R03002032800000000029,savings,4523.21,EUR,700029,4354752234237077,03/27,active,,2024-01-30T00:00:00
800030,Chiara,Moretti,NYVDVNXVWSLCJGBO,user30@mail.it,393344601798,Via San Bernardino 7,Dalmine,24100,Italy,"$argon2id$v=19$m=65536,t=3,p=4$+58Fp9uzU0SOEAlyEweaLg$a7Es9q4d44Jyjui1pHK+qOej64fqhq7e52sHP9US9fw",True,active,900030,IT19R03002032800000000030,savings,4490.67,EUR,700030,4189737177395525,01/26,active,,2024-01-31T00:00:00
800031,Sara,Villa,CPXJNCBHDZABXDVX,user31@mail.it,393335441902,Via Broseta 6,Albino,24100,Italy,"$argon2id$v=19$m=65536,t=3,p=4$iyIO/xztOXJ0g+ISD9Wang$L3X6PVxzA8H85Gke8dcd33TANbsvAETh0L2YUjADX6M",False,active,900031,IT34R03002032800000000031,savings,7807.71,EUR,700031,4526422440853613,12/29,active,,2024-02-01T00:00:00
800032,Sara,Ferrari,JYVCSONWLWJVMAUV,user32@mail.it,393384518831,Via Roma 23,Treviglio,24100,Italy,"$argon2id$v=19$m=65536,t=3,p=4$4n06RZJ0Pi4DewQRQwSaiQ$Vljguc1lI3C3Jt0p3/M039KEthSrDBX1qFW/xS2DXCo",False,active,900032,IT42R03002032800000000032,savings,7929.04,EUR,700032,4677786905185917,02/27,active,,2024-02-02T00:00:00
800033,Luca,Rossi,AZQSXJYMOOPQWCBN,user33@mail.it,393371285236,Via Moroni 1,Treviglio,24100,Italy,"$argon2id$v=19$m=65536,t=3,p=4$h3YOwQFVjLGWg+OvNkZqeQ$Ap896tebRZ5ab0iRByqCgjOcsU153PRC1AFo4M7BH2E",True,active,900033,IT53R03002032800000000033,savings,8858.6,EUR,700033,4514319830637012,01/28,active,,2024-02-03T00:00:00
800034,Andrea,Neri,OIZGHPNEPFYYJHGG,user34@mail.it,393367680369,Via San Bernardino 48,Treviglio,24100,Italy,"$argon2id$v=19$m=65536,t=3,p=4$5syFdyHGH56bp2p/KrUlkg$2eKJpZ1h0Gs+llH3JSqa2vaeIb8SXb8tmPEqc1t+YZU",False,active,900034,IT71R03002032800000000034,savings,993.96,EUR,700034,4855899638875114,01/30,active,,2024-02-04T00:00:00
800035,Andrea,Galli,JBXWXPIRSGONWUBX,user35@mail.it,393352063828,Via San Bernardino 16,Treviglio,24100,Italy,"$argon2id$v=19$m=65536,t=3,p=4$wxHURogvvMQJoOvsHBlJUw$K/7H8ffECAcx47WjJqpvMSuOJtuREuMgqGLAEzBkXRM",False,active,900035,IT67R03002032800000000035,checking,677.45,EUR,700035,4545841258264782,06/29,active,,2024-02-05T00:00:00
800036,Davide,Neri,SJLCOKGWSKYYLZPY,user36@mail.it,393347066701,Via Garibaldi 19,Dalmine,24100,Italy,"$argon2id$v=19$m=65536,t=3,p=4$vv6g9fXrZzqSgk6Oxf8P/w$E9XFqpO3R7JgxJL0bH1sJTLD4NqudW31zgbO0SjDuSc",True,active,900036,IT77R03002032800000000036,savings,2940.13,EUR,700036,4996684055620731,05/27,active,,2024-02-06T00:00:00
800037,Matteo,Colombo,VIVIMJNDVIZQCMFR,user37@mail.it,393388309537,Via XX Settembre 27,Dalmine,24100,Italy,"$argon2id$v=19$m=65536,t=3,p=4$uGuyZrkXycw+br/CCtHcdA$EeV8iqtI/hIPzrcYC1ZD0uwaHDVNOPqBxBtEoGN+90g",False,active,900037,IT27R03002032800000000037,checking,6751.44,EUR,700037,4284133181732483,02/29,active,,2024-02-07T00:00:00
800038,Paolo,Bianchi,XXOBEACKDFSVASKT,user38@mail.it,393370963693,Via San Bernardino 44,Seriate,24100,Italy,"$argon2id$v=19$m=65536,t=3,p=4$QzkWUyCaXRzTBYRAbanabA$XRqpLhAuSuSvva5+f0XGHFZtObx6JwhGEFCh6z5LxxQ",False,active,900038,IT71R03002032800000000038,checking,1991.11,EUR,700038,4404122837214190,05/29,active,,2024-02-08T00:00:00
800039,Luca,Conti,AUJVNGXVDEPEKENL,user39@mail.it,393384140378,Via Broseta 44,Treviglio,24100,Italy,"$argon2id$v=19$m=65536,t=3,p=4$nuW9iy1x23hmpUNn1NBmwQ$jbGmu+TSo9N5CoZI7EpbVgvkYHz7vsZgDXaPGVuRvLw",False,active,900039,IT25R03002032800000000039,checking,1819.58,EUR,700039,4531699981391875,12/28,active,,2024-02-09T00:00:00
800040,Sara,Galli,BBWOZZTAWZFLHKXS,user40@mail.it,393356943954,Via Garibaldi 9,Treviglio,24100,Italy,"$argon2id$v=19$m=65536,t=3,p=4$Jy7k/vyZ9qYfcryyAL1QNw$bbmlB4UxaZiQwXbjfxcjwn5MA7EKriTB3rEos9MrA/0",True,active,900040,IT70R03002032800000000040,checking,2859.29,EUR,700040,4412085003234762,07/27,active,,2024-02-10T00:00:00
800041,Sara,Neri,CGYYVOSRJDPAFMLI,user41@mail.it,393377974213,Via Moroni 13,Dalmine,24100,Italy,"$argon2id$v=19$m=65536,t=3,p=4$UWXBWZcSeT7O40knq6HymA$UnBMpJybzKeSz+AppCB+IfClt3kA7tMZacTy0VaFQgo",False,active,900041,IT59R03002032800000000041,checking,5732.67,EUR,700041,4881423078814884,01/28,active,,2024-02-11T00:00:00
800042,Elena,Moretti,TTFXMBNYIEBQOGPV,user42@mail.it,393381248382,Via Broseta 17,Dalmine,24100,Italy,"$argon2id$v=19$m=65536,t=3,p=4$xMadiKLEbdKML3rnF1DPPw$XAcq8aOAFg2UVr5YZ3Tw0Zv2ulwx9MExCSFU+2jtO1M",True,active,900042,IT77R03002032800000000042,savings,474.29,EUR,700042,4069706624033177,06/30,active,,2024-02-12T00:00:00
800043,Davide,Conti,UZBSEZVWZKCCKKXL,user43@mail.it,393386921646,Via Garibaldi 44,Bergamo,24100,Italy,"$argon2id$v=19$m=65536,t=3,p=4$S1vJGT2CIyJO/J3nWDIBfw$TcrQ2+8hK6UVvmyxt/f52N8uINxZIlkl9FTzAuBy08U",True,active,900043,IT19R03002032800000000043,checking,219.75,EUR,700043,4370405846438724,03/29,active,,2024-02-13T00:00:00
800044,Davide,Neri,OKMSXQTXJEYOHSMX,user44@mail.it,393341208802,Via Moroni 38,Treviglio,24100,Italy,"$argon2id$v=19$m=65536,t=3,p=4$iD97PyLNCSl+z2WTJGwtjQ$dW5CLOB9Ud3GemAuEjPXjDpTrMx4/C9IJjbWQ8Z7HIM",True,active,900044,IT68R03002032800000000044,checking,4726.92,EUR,700044,4154221308365361,09/30,active,,2024-02-14T00:00:00
800045,Paolo,Neri,XPVXJJWOFITXQJEG,user45@mail.it,393321240884,Via Roma 44,Albino,24100,Italy,"$argon2id$v=19$m=65536,t=3,p=4$GV3nxNzdnyGuT/OQtvCYTw$/jvZhmTa3Kjo6CBF3QMiHta9f+v37bBizX2No+XuNok",False,active,900045,IT53R03002032800000000045,checking,5542.84,EUR,700045,4694245558359754,12/27,active,,2024-02-15T00:00:00
800046,Paolo,Riva,OUIEECEMRQIRBZKG,user46@mail.it,393371790107,Via Moroni 18,Albino,24100,Italy,"$argon2id$v=19$m=65536,t=3,p=4$9S8x4keTsqa7l1CtOhmhuA$sauS6/euWsSwzSY43whfHj3FOW2ia5XiJGxrVFRoJSI",False,active,900046,IT97R03002032800000000046,savings,4536.23,EUR,700046,4334570928060468,06/26,active,,2024-02-16T00:00:00
800047,Davide,Riva,TISYCYQKWKYXJIGM,user47@mail.it,393334836388,Via XX Settembre 40,Seriate,24100,Italy,"$argon2id$v=19$m=65536,t=3,p=4$ueV+IUFnIUrnJGH84NOE/g$1cAFIF8k/3tB0SgcFPpbZThwcsN2U/LLqv59Ovsnx5k",False,active,900047,IT95R03002032800000000047,checking,2760.07,EUR,700047,4638401383810312,03/28,active,,2024-02-17T00:00:00
800048,Marco,Galli,WEMWMRYLEJLQBRYT,user48@mail.it,393390921953,Via Moroni 29,Seriate,24100,Italy,"$argon2id$v=19$m=65536,t=3,p=4$jcexsvlKdxEQKA8tvFVfzw$epK9RJvMaePzgS2oo/5MwGJKmIIxKggyYK/XGjm+uCM",False,active,900048,IT46R03002032800000000048,savings,1796.24,EUR,700048,4147718140469834,08/28,active,,2024-02-18T00:00:00
800049,Chiara,Villa,FMSKKUWLHJQRDRQV,user49@mail.it,393379600748,Via San Bernardino 9,Treviglio,24100,Italy,"$argon2id$v=19$m=65536,t=3,p=4$IhWSP64i/Mv59XS35zjnSA$8OoOeYfFpyAixTKtkwQISdLC/4WSaUmwg5TisC8eXO0",True,active,900049,IT53R03002032800000000049,savings,6690.52,EUR,700049,4046938889712239,07/29,active,,2024-02-19T00:00:00
800050,Paolo,Neri,FHUETFLQUKYDTIKT,user50@mail.it,393338733195,Via Broseta 28,Seriate,24100,Italy,"$argon2id$v=19$m=65536,t=3,p=4$cNzudZJ0gQtoC/tZ4yEbnA$tvDB7m99loAaNYp8zvUidgBRZh98ilu42ZreFiIVma0",False,active,900050,IT26R03002032800000000050,savings,1688.11,EUR,700050,4695442573037946,04/27,active,,2024-02-20T00:00:00
800051,Sara,Colombo,LVRGDVTFHVGVMAIX,user51@mail.it,393384645321,Via San Bernardino 14,Albino,24100,Italy,"$argon2id$v=19$m=65536,t=3,p=4$vuyuB4r/BRRqabKW6vmKPg$LJYnt4/Vh9OLnd8pxTEAET2OvS0Ijujbk8bAtYkkRL0",True,active,900051,IT36R03002032800000000051,checking,1865.5,EUR,700051,4399377208965155,10/30,active,,2024-02-21T00:00:00
800052,Luca,Neri,GGFHEJKFWVPGCVVP,user52@mail.it,393360358970,Via Garibaldi 49,Albino,24100,Italy,"$argon2id$v=19$m=65536,t=3,p=4$Z0oe/uBZXknvQPWty7MAAw$w5zpFjr+4PX5y1R+DTV7oSQTFMf56r8PfBLGd0MoDtg",False,active,900052,IT49R03002032800000000052,checking,7677.87,EUR,700052,4882920579757634,01/27,active,,2024-02-22T00:00:00
800053,Davide,Ferrari,OIIOJZDFLOSVCXMU,user53@mail.it,393353462415,Via Moroni 16,Seriate,24100,Italy,"$argon2id$v=19$m=65536,t=3,p=4$xKJclN+BWZSuiZVNLIDw4Q$oFUlNfM0A/LqVKHRiNLAstgj7hcS8wTSbxKV83BoR98",True,active,900053,IT66R03002032800000000053,checking,1386.56,EUR,700053,4894318490654430,06/28,active,,2024-02-23T00:00:00
800054,Paolo,Neri,YSPYGTVVHDMGESMT,user54@mail.it,393324728116,Via Moroni 17,Albino,24100,Italy,"$argon2id$v=19$m=65536,t=3,p=4$T0gK97CJp4NgymEWCVrgUg$pjX4QvpcmRK56AUnG6IR/1Tb9Hg+bXD4Pbqm07/m6Wg",True,active,900054,IT72R03002032800000000054,checking,6300.79,EUR,700054,4632937471173155,04/28,active,,2024-02-24T00:00:00
800055,Matteo,Rossi,RMGGSXSTCSRGRDYF,user55@mail.it,393387860576,Via Garibaldi 1,Dalmine,24100,Italy,"$argon2id$v=19$m=65536,t=3,p=4$yulW0XSZs4qXKb2Ev+JKrw$o4qkrWeWm2sJRiUD0+3yHq/thJGTcfjbgFT74Brzg3Q",True,active,900055,IT60R03002032800000000055,checking,4509.29,EUR,700055,4649410891573064,12/30,active,,2024-02-25T00:00:00
800056,Davide,Ferrari,KEDSHMWIGGPLUSDH,user56@mail.it,393347344932,Via Garibaldi 27,Albino,24100,Italy,"$argon2id$v=19$m=65536,t=3,p=4$ZPkwBGteI7Zo3y1+0x+GHw$6JDXnJqHugB2Rum0AXt5jvlUQ17ySoqeYupC1yceZzw",False,active,900056,IT45R03002032800000000056,savings,4779.11,EUR,700056,4296404523299477,04/27,active,,2024-02-26T00:00:00
800057,Chiara,Conti,CKPRKJYVGSNODEZF,user57@mail.it,393341071285,Via Roma 13,Albino,24100,Italy,"$argon2id$v=19$m=65536,t=3,p=4$V6ZCV3OXwSyoDxGAnpn69g$4xnvjLmJlHa7ZScsnT2BAotefkAUyhyrv5/1hu2xZos",True,active,900057,IT18R03002032800000000057,savings,9401.65,EUR,700057,4552867309355546,05/28,active,,2024-02-27T00:00:00
800058,Marco,Moretti,NWRZDDFIBBEGJMCE,user58@mail.it,393358934132,Via Garibaldi 50,Bergamo,24100,Italy,"$argon2id$v=19$m=65536,t=3,p=4$gBH/bD3t+eVE36MR1DT/Ig$L91jQsIq246Jd4Hh0PjMp96Ar3H0MYBL5YKagj4bA2k",False,active,900058,IT67R03002032800000000058,checking,7569.62,EUR,700058,4391630925003443,07/28,active,,2024-02-28T00:00:00
800059,Sara,Villa,ZWRCCWNOWYSPUJPL,user59@mail.it,393367402517,Via Roma 11,Bergamo,24100,Italy,"$argon2id$v=19$m=65536,t=3,p=4$VN9DzqekaQzU+zHboQAfsw$g2+qR9LNOna8JWW4X/d0KLv30ja8TWMxIb9v4pcUkpM",False,active,900059,IT48R03002032800000000059,savings,3430.45,EUR,700059,4199633933179976,03/28,active,,2024-02-29T00:00:00
800060,Andrea,Riva,DNIBAYDPKJBGVMTL,user60@mail.it,393392193825,Via Broseta 44,Dalmine,24100,Italy,"$argon2id$v=19$m=65536,t=3,p=4$qrs6mAg40HPshqhjUmxauQ$Msr+NSgJZRxIC7dzZnPQiE7Nj3fC5UPNRFcfUfuTf9Q",True,active,900060,IT78R03002032800000000060,savings,8273.6,EUR,700060,4862031997234450,02/28,active,,2024-03-01T00:00:00
800061,Sara,Neri,WKCKLOFFDFKEQEKC,user61@mail.it,393320448402,Via Broseta 10,Seriate,24100,Italy,"$argon2id$v=19$m=65536,t=3,p=4$0i4uF7imHNNmXbdxUA5BMg$43rZy8vuvf11Vw4waBDEHETMttrVP3LkYj+8Eh5Qeow",False,active,900061,IT71R03002032800000000061,checking,6819.78,EUR,700061,4270211232649185,09/30,active,,2024-03-02T00:00:00
800062,Matteo,Galli,ICIFFVWHBJXAYIJT,user62@mail.it,393330856458,Via Moroni 40,Seriate,24100,Italy,"$argon2id$v=19$m=65536,t=3,p=4$d3M+BytzH18BbToIDsUR8w$SzIr9iR217l6ZwfuAGKmMwmzMFMBSBLFV3lDJYZ8B1A",True,active,900062,IT47R03002032800000000062,checking,2456.43,EUR,700062,4005357424256023,04/29,active,,2024-03-03T00:00:00
800063,Chiara,Moretti,VGMEQSVMBMTKADIT,user63@mail.it,393315694888,Via Roma 44,Dalmine,24100,Italy,"$argon2id$v=19$m=65536,t=3,p=4$PAfzx1gpXPUTEfO7KjWiVQ$Jh3M54oI7vSKY5rI9V4NxBk2O++uTXRwFmJDr/Hy5PA",True,active,900063,IT22R03002032800000000063,checking,8739.05,EUR,700063,4726847648789819,07/27,active,,2024-03-04T00:00:00
800064,Davide,Colombo,VQMEMPAGHTUYYRGK,user64@mail.it,393316942214,Via Garibaldi 45,Seriate,24100,Italy,"$argon2id$v=19$m=65536,t=3,p=4$9TmCSJMcKrh9ZTgDaYSjeA$9KDH53eLnElAGSnkv87Lh+hS/kblaofrtSSRYci2iGE",False,active,900064,IT33R03002032800000000064,savings,4334.57,EUR,700064,4431964145239923,04/30,active,,2024-03-05T00:00:00
800065,Paolo,Colombo,TESPCHLMWAFRSODB,user65@mail.it,393355364600,Via XX Settembre 6,Seriate,24100,Italy,"$argon2id$v=19$m=65536,t=3,p=4$1+y7umwKnIXazMcmiq60qQ$+h54lNcG0G4RLb0vuWUYhA+qe8I/8IrDwCVc9bEpguY",True,active,900065,IT58R03002032800000000065,savings,2755.35,EUR,700065,4250708672142146,02/28,active,,2024-03-06T00:00:00
800066,Luca,Moretti,ZBCBUMPAHJCNQIMS,user66@mail.it,393310687551,Via Moroni 37,Albino,24100,Italy,"$argon2id$v=19$m=65536,t=3,p=4$rRjfZYgdk+YgccOHPVRJEw$a1Bbz4yDwkvWqhjOrwwqPrSzq6//0en4bkB32JUOzIk",True,active,900066,IT70R03002032800000000066,checking,9627.08,EUR,700066,4395700612535088,09/29,active,,2024-03-07T00:00:00
800067,Matteo,Bianchi,QOXAYZPRRSPHKWHH,user67@mail.it,393345671651,Via Roma 9,Bergamo,24100,Italy,"$argon2id$v=19$m=65536,t=3,p=4$hdcsjKcqegCgSMAx1yyfXg$BVW4HQPNrfdeIF7CiH1MDl+DYVjZdm9vaxF7eqUrcM8",False,active,900067,IT93R03002032800000000067,checking,8160.06,EUR,700067,4775679152250855,06/27,active,,2024-03-08T00:00:00
800068,Paolo,Galli,NOYNKTGNXASXSOWR,user68@mail.it,393370691779,Via Moroni 46,Albino,24100,Italy,"$argon2id$v=19$m=65536,t=3,p=4$0xqQA+8byBJTiuhX2J0Xfg$MFt5qHakPyviFrvUB+GG9W88L3O0C22hUUFIWjF+/Gs",True,active,900068,IT74R03002032800000000068,checking,3335.3,EUR,700068,4932720059701867,06/27,active,,2024-03-09T00:00:00
800069,Sara,Bianchi,AKDFSVBGFKDODVWR,user69@mail.it,393325085669,Via San Bernardino 5,Dalmine,24100,Italy,"$argon2id$v=19$m=65536,t=3,p=4$vGx8+I/uiqdmsKFcLdjBfw$asXQB241WCl3wdA4bG2r3FR8IaeaXFyGzwzK8zm4jdA",True,active,900069,IT23R03002032800000000069,savings,1546.02,EUR,700069,4851584146916660,05/29,active,,2024-03-10T00:00:00
800070,Chiara,Neri,BKSLOGIIADCBWBAJ,user70@mail.it,393367173014,Via Garibaldi 34,Seriate,24100,Italy,"$argon2id$v=19$m=65536,t=3,p=4$DpUy4Xu+YS8RAfYO+9nxpw$KTukCx4Y7ZoxabwqBqNxO8AbOjknTpMUfPGiGul5+t8",False,active,900070,IT59R03002032800000000070,savings,6892.0,EUR,700070,4403136927625411,01/29,active,,2024-03-11T00:00:00
800071,Marco,Riva,USVNAUFZCBYHHKZQ,user71@mail.it,393337196066,Via XX Settembre 14,Albino,24100,Italy,"$argon2id$v=19$m=65536,t=3,p=4$COafovzEYjbiaHy+mcYFtQ$Xa3aHLdT/UxyC7u3rF1UqJT1JqINwP+4A1IhGZOcrSs",True,active,900071,IT31R03002032800000000071,checking,9831.39,EUR,700071,4856131326789687,02/26,active,,2024-03-12T00:00:00
800072,Luca,Moretti,CLEKCRVRRJCFLIMQ,user72@mail.it,393334735450,Via Roma 2,Albino,24100,Italy,"$argon2id$v=19$m=65536,t=3,p=4$xhAk5jFQjXJ3PqB508S7tQ$Df4fZmhmOC7H6FETgC/M7oxDh/35JSyHKGqQGFSp9vc",False,active,900072,IT34R03002032800000000072,checking,2545.67,EUR,700072,4949913060815099,03/29,active,,2024-03-13T00:00:00
800073,Giulia,Colombo,ZHFZGIZCYFUPDZGI,user73@mail.it,393321645361,Via San Bernardino 18,Albino,24100,Italy,"$argon2id$v=19$m=65536,t=3,p=4$wuA9d/cFLheWZS8y4NaXhw$woKBcwndfX3rAPt7tpSEAG+VaVdrvgA49THus1lLzUs",False,active,900073,IT71R03002032800000000073,savings,7806.28,EUR,700073,4075788090015547,12/28,active,,2024-03-14T00:00:00
800074,Giulia,Villa,SUGSBKCRKVIEQIXX,user74@mail.it,393345249467,Via XX Settembre 20,Treviglio,24100,Italy,"$argon2id$v=19$m=65536,t=3,p=4$yJJ7odW2Hp2EMERgmO11kA$8Mwd1t1gIUl7wjLQ07V0n2FzPu27N69zcDBgqMwmnrY",False,active,900074,IT38R03002032800000000074,checking,5271.93,EUR,700074,4322243598589038,12/27,active,,2024-03-15T00:00:00
800075,Andrea,Villa,LEYQNPHYZEHIMPUW,user75@mail.it,393399763765,Via Roma 44,Albino,24100,Italy,"$argon2id$v=19$m=65536,t=3,p=4$uikIu9avxeJ533uuE27JXw$bn+IhlwePsoLcJHSzBX7YDAT0qrsDfGY2/F09FY1Gvk",True,active,900075,IT95R03002032800000000075,savings,7861.82,EUR,700075,4364069241342689,09/27,active,,2024-03-16T00:00:00
800076,Andrea,Bianchi,FEYAPOKQSAHJHEED,user76@mail.it,393352148987,Via XX Settembre 27,Seriate,24100,Italy,"$argon2id$v=19$m=65536,t=3,p=4$UydbV0Z+ynbpFH5D2WuoDA$TGfOs/LzDybtmH1UtadV2tFwXoeJBMSxSJUOUlMEoqY",False,active,900076,IT79R03002032800000000076,checking,1710.54,EUR,700076,4648778539022154,07/26,active,,2024-03-17T00:00:00
800077,Giulia,Galli,GGAFLYVXBJMUPERY,user77@mail.it,393359054200,Via XX Settembre 41,Dalmine,24100,Italy,"$argon2id$v=19$m=65536,t=3,p=4$rkUpd6hi83Jgfdr4YSSD8Q$AZKXG1BPQ174JO+TmWdGRXWkL2/PYWu8Tbm2/qKUSWA",False,active,900077,IT55R03002032800000000077,checking,9669.46,EUR,700077,4585902888885636,07/30,active,,2024-03-18T00:00:00
800078,Chiara,Galli,QUECKFAAVAPWWVNL,user78@mail.it,393363294566,Via San Bernardino 44,Treviglio,24100,Italy,"$argon2id$v=19$m=65536,t=3,p=4$gPpN14vDDVuxrZmqgt6QVA$+K4IdmZDzWeDZ7IpphJZ9qVHo2r/fqiD2Dlm2+l9AHc",True,active,900078,IT70R03002032800000000078,checking,4900.66,EUR,700078,4144226533624044,01/28,active,,2024-03-19T00:00:00
800079,Marco,Ferrari,JTVOZARWAYQCXSDH,user79@mail.it,393380068735,Via San Bernardino 21,Dalmine,24100,Italy,"$argon2id$v=19$m=65536,t=3,p=4$5+53mP/8Ol58cbDpmwns6A$/XZrOtQjFVVShXP+kfzBOk8w46tRrwWzI8dWOzrrL6A",True,active,900079,IT19R03002032800000000079,savings,4764.07,EUR,700079,4634949169386663,10/29,active,,2024-03-20T00:00:00
800080,Sara,Conti,XTDQZNWPSHBGRWNP,user80@mail.it,393362979324,Via Roma 21,Albino,24100,Italy,"$argon2id$v=19$m=65536,t=3,p=4$BVj3bLllX7HdZvoqRsdZiA$scEmjE6xUftJ3z/NPK6/CkOzloJ504sF4ek8nyPm/XI",True,active,900080,IT23R03002032800000000080,savings,9534.15,EUR,700080,4871469188068055,07/28,active,,2024-03-21T00:00:00
800081,Andrea,Riva,QDCTGMOLIHPFIFHA,user81@mail.it,393332765269,Via XX Settembre 23,Treviglio,24100,Italy,"$argon2id$v=19$m=65536,t=3,p=4$D8EPPNN9eQHqrdcwgc9SRA$2xN16AAzgH/4nqqaMLaEpYfpekuqVwdLQQSJwNlly1w",False,active,900081,IT46R03002032800000000081,checking,5172.27,EUR,700081,4295045692959052,10/26,active,,2024-03-22T00:00:00
800082,Luca,Riva,JJRRWNZSOZFVWGFD,user82@mail.it,393321493662,Via Broseta 14,Treviglio,24100,Italy,"$argon2id$v=19$m=65536,t=3,p=4$+SxwZR0wEQVcOxOcyW2zfw$kX9N+BhJNA89QNPVRDp2ggA5daWcB3B9zEtCiJ9n8Q0",True,active,900082,IT31R03002032800000000082,checking,4590.94,EUR,700082,4568930078765616,04/29,active,,2024-03-23T00:00:00
800083,Paolo,Riva,YVCHSWMZKECRDSHL,user83@mail.it,393315795704,Via Broseta 32,Albino,24100,Italy,"$argon2id$v=19$m=65536,t=3,p=4$mR2jZAgOQDWuvmqgSwgJIw$Q3+hNzhZCjAUpdSfMIiZRtmcOyEEjSUSBGoDLyTbm2U",False,active,900083,IT82R03002032800000000083,checking,6866.14,EUR,700083,4257920535261137,10/26,active,,2024-03-24T00:00:00
800084,Luca,Rossi,MWKJGATDFNMOEOOS,user84@mail.it,393354217522,Via Garibaldi 15,Seriate,24100,Italy,"$argon2id$v=19$m=65536,t=3,p=4$hAYhMxwtBbFvK0fyr3Nu7A$kGDU5I5d792w31Gz4l9bGZr8EeY0bj+DsdFhiMUCMMc",False,active,900084,IT10R03002032800000000084,savings,9721.42,EUR,700084,4188020939833066,01/26,active,,2024-03-25T00:00:00
800085,Luca,Ferrari,DZSQABBZJMRJGKEP,user85@mail.it,393322832757,Via XX Settembre 48,Bergamo,24100,Italy,"$argon2id$v=19$m=65536,t=3,p=4$zqnLwvdJhqcMVircfR/fpQ$PGc7ix9m2q+VhwZX21Dxi3s6yK0nfaUFbk2NyGRI1uw",True,active,900085,IT35R03002032800000000085,savings,6980.08,EUR,700085,4277328931799864,04/27,active,,2024-03-26T00:00:00
800086,Andrea,Rossi,XEMYLXRLBEBZYYFW,user86@mail.it,393315798995,Via Roma 33,Bergamo,24100,Italy,"$argon2id$v=19$m=65536,t=3,p=4$BlV/RrQJ6U1bPkmrSxVVBQ$2ORkyUNYFEuWJKQdVMwvn+4jRBDGHmVOpgwxoLSWiYQ",False,active,900086,IT82R03002032800000000086,savings,2927.44,EUR,700086,4922934138829244,12/28,active,,2024-03-27T00:00:00
800087,Paolo,Moretti,OJIIRBBYMEAJZXNR,user87@mail.it,393354693926,Via Roma 29,Seriate,24100,Italy,"$argon2id$v=19$m=65536,t=3,p=4$iaw/FaLrOUMUdnm2UStM/g$gWh8iv+j4vZiZJPasdKENw2VQUgktNB2sv7+Dt8asYk",False,active,900087,IT20R03002032800000000087,checking,934.31,EUR,700087,4075132674612288,02/29,active,,2024-03-28T00:00:00
800088,Paolo,Galli,HHMMYOEYDADNMWXP,user88@mail.it,393364503713,Via Broseta 33,Dalmine,24100,Italy,"$argon2id$v=19$m=65536,t=3,p=4$jSmN6oHDMr05KaPLpIVaYw$bQGsDs5RItu6/AzJIofQ4llGiDvelnRAYgq4ZMeWP1g",False,active,900088,IT34R03002032800000000088,checking,4892.28,EUR,700088,4481280380903005,10/26,active,,2024-03-29T00:00:00
800089,Elena,Ferrari,UJPEJVPRQVZJXCUZ,user89@mail.it,393389976412,Via Garibaldi 29,Treviglio,24100,Italy,"$argon2id$v=19$m=65536,t=3,p=4$eyFsr0ftiyQcSc+JPW0Naw$7u5Z8sOtfVYVqhMqugu0DZM7u1/hImkwa+Rc7TrTuF0",True,active,900089,IT88R03002032800000000089,checking,5482.28,EUR,700089,4674636464683973,07/28,active,,2024-03-30T00:00:00
800090,Sara,Riva,VHVPMZAOUMNAJCQQ,user90@mail.it,393353976865,Via XX Settembre 43,Seriate,24100,Italy,"$argon2id$v=19$m=65536,t=3,p=4$WXUI4EJY3AVGSv+cfAcs+A$Ucjuux7zFEP0t4cJQDiAS1Nu9K7cHTOihaLjqpZXirY",False,active,900090,IT34R03002032800000000090,checking,5580.92,EUR,700090,4456128325409268,12/30,active,,2024-03-31T00:00:00
800091,Giulia,Neri,NDUGAGPQCJXQFYTG,user91@mail.it,393376175680,Via San Bernardino 12,Dalmine,24100,Italy,"$argon2id$v=19$m=65536,t=3,p=4$iLKibh66R6roP/JomNv8yw$ZJPvg5xVvEP2Kls2oT/e5gLyEDcqj7UDhCzHRkZfCS0",True,active,900091,IT60R03002032800000000091,checking,4544.18,EUR,700091,4481878259381386,02/29,active,,2024-04-01T00:00:00
800092,Matteo,Bianchi,HCPCULGDQLGBFBAQ,user92@mail.it,393352945816,Via Roma 31,Bergamo,24100,Italy,"$argon2id$v=19$m=65536,t=3,p=4$WFZ9nLrZDBqiPyr4UM2log$3XgiuXmyrrTfBCKMb2w+M8X/YjGgqmD0B9HXo8UJIc4",False,active,900092,IT81R03002032800000000092,checking,2100.59,EUR,700092,4694728752364162,03/26,active,,2024-04-02T00:00:00
800093,Giulia,Villa,OSXPBWCEMTJKPGZO,user93@mail.it,393327017865,Via XX Settembre 35,Seriate,24100,Italy,"$argon2id$v=19$m=65536,t=3,p=4$Dtoy1/p0k3JQta7ayaan1g$FVreLUddZeAjyjCnyw5a3FY4QcgvNQCw9AyZLj/4V1o",True,active,900093,IT66R03002032800000000093,savings,5214.13,EUR,700093,4134286598547894,06/26,active,,2024-04-03T00:00:00
800094,Elena,Bianchi,IOZDJYQYXWUXMYDL,user94@mail.it,393370007515,Via San Bernardino 40,Dalmine,24100,Italy,"$argon2id$v=19$m=65536,t=3,p=4$hWJ2IbGg9p4NJ8iTidyjMA$9uwTvUnsc306LXIgAnOU9zNd5fBKOjOqK0wX0ifB9x0",False,active,900094,IT59R03002032800000000094,savings,7144.14,EUR,700094,4921137424918705,07/27,active,,2024-04-04T00:00:00
800095,Giulia,Neri,BJWDXZLAIYHSFZRL,user95@mail.it,393331017735,Via Roma 31,Dalmine,24100,Italy,"$argon2id$v=19$m=65536,t=3,p=4$CDxcWPtMmBLaVUilHv11Og$gIz9Gxs1tvAa70aKm6E5O/jBUDrLjr5qVYRqfYwibh8",True,active,900095,IT54R03002032800000000095,savings,1900.57,EUR,700095,4987880564576240,10/29,active,,2024-04-05T00:00:00
800096,Chiara,Colombo,ENUQGQUDURMSIGHM,user96@mail.it,393344656235,Via Garibaldi 13,Dalmine,24100,Italy,"$argon2id$v=19$m=65536,t=3,p=4$quC2BSK9a8rN32LkRvb0kA$xKPsqOLbYaZta5YML4jjAJutlO2FdaujZUfht+jm98Q",False,active,900096,IT50R03002032800000000096,savings,914.22,EUR,700096,4603227978217381,10/30,active,,2024-04-06T00:00:00
800097,Chiara,Riva,PEQROQESDTWTWMGE,user97@mail.it,393328465922,Via XX Settembre 12,Dalmine,24100,Italy,"$argon2id$v=19$m=65536,t=3,p=4$qgRkebXh/PIZYXE/Dogfcw$jbIL+jnKVe+x3Ebti5GkIcWmi8qOJ5+64QPqXKpkmkk",False,active,900097,IT61R03002032800000000097,checking,9432.6,EUR,700097,4349298787512021,05/29,active,,2024-04-07T00:00:00
800098,Chiara,Moretti,GRGXOCJTLBLGONLS,user98@mail.it,393316411985,Via Garibaldi 25,Dalmine,24100,Italy,"$argon2id$v=19$m=65536,t=3,p=4$MrdDO+rPCe2K9piz2v1Vpw$j1Gis0anKqkjpfe6WlbAiMH4n1LEewfNRHOT0JP7usE",True,active,900098,IT45R03002032800000000098,checking,7848.45,EUR,700098,4036227888643422,11/28,active,,2024-04-08T00:00:00
800099,Chiara,Moretti,RLBOCGQCKSVUAKKC,user99@mail.it,393388906331,Via XX Settembre 18,Albino,24100,Italy,"$argon2id$v=19$m=65536,t=3,p=4$5IDDbGAY4t62oaVi+6Z57g$T5nj5XiSGW0YUIw95Q3JmyHIdNECSESR/byQKkGa+mg",False,active,900099,IT32R03002032800000000099,checking,9554.3,EUR,700099,4938277149182122,09/29,active,,2024-04-09T00:00:00
950001,Paolo,Neri,NRIPLA91A15A794X,paolo.neri91@gmail.com,+393331998877,Via XX Settembre 15,Bergamo,24122,Italy,"$argon2id$v=19$m=65536,t=3,p=4$+fRjLJKSgjvL3dOAPV1xmA$boOkvmXMgyrpePargCItlStMopfhU2kl+En9jHPIA0s",True,active,960001,IT31R0300203280000123456789,checking,2750.0,EUR,970001,4111111111111111,10/28,active,,2026-01-19T14:04:33.741144
